City.name,gdp_obs,gdp_proj,digi_read,digi_math,pisa_math,pisa_read,pisa_sci,top_mathers,citi_score,weight_score,
Shanghai,197.4444633225,165.8403438161,106.9343672951,113.6433348334,129.239094877,119.1244152202,120.4572891332,509.8720367525,111.0803146579,85.9071049667,859.0710496667
Hong Kong,197.4444633225,165.8403438161,110.665764633,111.0919146276,118.3894035617,113.8983271018,115.2287611884,310.078652286,132.0169184677,57.885429814,578.8542981405
Warsaw,115.5210104728,86.5121011321,95.9796021644,98.8437911156,109.1627939842,108.3742370453,109.1819975732,153.9606027874,108.1724530176,49.6817791471,496.817791471
Krakow,115.5210104728,86.5121011321,95.9796021644,98.8437911156,109.1627939842,108.3742370453,109.1819975732,153.9606027874,87.8174215358,47.6462759989,476.4627599892
Singapore,197.4444633225,165.8403438161,114.1202193146,114.4038985119,120.9686391729,113.3996817685,114.5135817114,368.3451756956,138.0264991909,45.8085525682,458.0855256824
